{
    "build": {
        "content": [
            {
                "files": [
                    "**/**.yml",
                    "**/**.md"
                ],
                "exclude": ["**/obj/**"]
            }
        ],
        "globalMetadata": {
        "breadcrumb_path": "/powershell/gallery/bread/toc.json",
            "ROBOTS": "INDEX, FOLLOW",
            "uhfHeaderId": "MSDocsHeader-Powershell",
            "ms.prod": "powershell",
            "ms.technology": "gallery",
            "manager": "carmonm",
            "ms.devlang": "powershell",
            "ms.tgt_pltfr": "windows, macos, linux",
            "author": "juanpablojofre",
            "ms.author": "jpjofre"
        },
        "resource": [
            {
                "files": [
                    "**/images/**"
                ],
                "exclude": ["**/obj/**"]
            }
        ],
        "template": "op.html",
        "dest": "gallery"
    }
}
